name,industry,url
DevRev,ai,https://boards.greenhouse.io/devrev
Harmonic,ai,https://boards.greenhouse.io/harmonic
Coactive AI,ai,https://boards.greenhouse.io/coactivesystems
Keebo,ai,https://boards.greenhouse.io/keebo
Docugami,ai,https://boards.greenhouse.io/docugami
Anthropic,ai,https://boards.greenhouse.io/anthropic
Numeral,fintech,https://boards.greenhouse.io/applytonumeral
Databento,fintech,https://boards.greenhouse.io/databento
Chime,fintech,https://boards.greenhouse.io/chime
Jobber,fintech,https://boards.greenhouse.io/jobber
EarnIn,fintech,https://boards.greenhouse.io/earnin
Instawork,fintech,https://boards.greenhouse.io/instawork
Gusto,fintech,https://boards.greenhouse.io/gusto
Robinhood,fintech,https://boards.greenhouse.io/robinhood
Ebury,fintech,https://boards.greenhouse.io/ebury
Recora,health,https://boards.greenhouse.io/recorainc
Nectar,health,https://boards.greenhouse.io/applytonectar
Cohere Health,health,https://boards.greenhouse.io/coherehealth 
Airx Health,health,https://boards.greenhouse.io/applytoairx
Cleerly,health,https://boards.greenhouse.io/cleerlyhealth
Vim,health,https://boards.greenhouse.io/vim
Wellth,health,https://boards.greenhouse.io/wellth  
Pario,health,https://boards.greenhouse.io/applytopario 
FuturHealth,health,https://boards.greenhouse.io/futurhealth 
BigID,security,https://boards.greenhouse.io/bigid
Lumos,security,https://boards.greenhouse.io/lumos
Workstream,security,https://boards.greenhouse.io/workstream
Flex,security,https://boards.greenhouse.io/flex
Gemini,security,https://boards.greenhouse.io/gemini
Shopmonkey,automotive,https://boards.greenhouse.io/shopmonkey
CarOnSale,automotive,https://boards.greenhouse.io/caronsale
Latitude AI,automotive,https://boards.greenhouse.io/latitude
Gatik AI,automotive,https://boards.greenhouse.io/gatikaiinc
Canonical,automotive,https://boards.greenhouse.io/canonicaljobs
Isaac,education,https://boards.greenhouse.io/isaac
HyperionDev,education,https://boards.greenhouse.io/hyperiondev
Think Academy US,education,https://boards.greenhouse.io/thinkacademyus
Awarded Software,education,https://boards.greenhouse.io/awardedsoftware
Possible Finance,finance,https://boards.greenhouse.io/possiblefinancialinc 
Optimove,finance,https://boards.greenhouse.io/optimove 
Pilot,finance,https://boards.greenhouse.io/pilothq 
EquityMultiple,finance,https://boards.greenhouse.io/equitymultiple 
Wisetack,finance,https://boards.greenhouse.io/wisetack 
Ocrolus,finance,https://boards.greenhouse.io/ocrolusinc
Postscript,ecommerce,https://boards.greenhouse.io/postscript
Pipe17,ecommerce,https://boards.greenhouse.io/pipe17
AVEA,ecommerce,https://boards.greenhouse.io/avea
Forter,ecommerce,https://boards.greenhouse.io/forter
DEPT,ecommerce,https://boards.greenhouse.io/dept
BARK,ecommerce,https://boards.greenhouse.io/bark




